{
  "solved_count": 82,
  "average_offset_pct": 49.79,
  "std_offset_pct": 28.24,
  "average_bit_density_pct": 54.646,
  "std_bit_density_pct": 14.224,
  "average_entropy": 0.595,
  "std_entropy": 0.282,
  "average_xor_transition_ratio": 0.531,
  "std_xor_transition_ratio": 0.1288,
  "sufix_probability": {
    "1": 0.08536585365853659,
    "2": 0.0975609756097561,
    "3": 0.036585365853658534,
    "7": 0.07317073170731707,
    "b": 0.07317073170731707,
    "f": 0.04878048780487805,
    "5": 0.2073170731707317,
    "e": 0.012195121951219513,
    "a": 0.07317073170731707,
    "c": 0.024390243902439025,
    "0": 0.23170731707317074,
    "9": 0.012195121951219513,
    "8": 0.012195121951219513,
    "6": 0.012195121951219513,
    "4": 0.00012195121951219512,
    "d": 0.00012195121951219512
  },
  "prefix_probability": {
    "1": 0.2926829268292683,
    "2": 0.08536585365853659,
    "3": 0.15853658536585366,
    "7": 0.04878048780487805,
    "b": 0.10975609756097561,
    "f": 0.012195121951219513,
    "5": 0.08536585365853659,
    "8": 0.036585365853658534,
    "d": 0.06097560975609756,
    "4": 0.036585365853658534,
    "6": 0.04878048780487805,
    "e": 0.024390243902439025,
    "0": 0.00012195121951219512,
    "9": 0.00012195121951219512,
    "a": 0.00012195121951219512,
    "c": 0.00012195121951219512
  },
  "notes": "Estat\u00edsticas geradas dinamicamente com base em 73 chaves historicas reais pelo CycloneX Analyzer."
}