{
  "solved_count": 82,
  "average_offset_pct": 50.15,
  "std_offset_pct": 26.96,
  "average_bit_density_pct": 51.625,
  "std_bit_density_pct": 12.907,
  "average_entropy": 0.66,
  "std_entropy": 0.231,
  "family_modulo_5_stats": {
    "0": {
      "avg_offset": 50.92,
      "std_offset": 28.56
    },
    "1": {
      "avg_offset": 43.66,
      "std_offset": 27.12
    },
    "2": {
      "avg_offset": 55.45,
      "std_offset": 21.48
    },
    "3": {
      "avg_offset": 53.03,
      "std_offset": 22.53
    },
    "4": {
      "avg_offset": 47.01,
      "std_offset": 30.83
    }
  },
  "sufix_probability": {
    "c": 0.08536585365853659,
    "1": 0.07317073170731707,
    "e": 0.08536585365853659,
    "9": 0.024390243902439025,
    "3": 0.0975609756097561,
    "4": 0.12195121951219512,
    "6": 0.06097560975609756,
    "8": 0.06097560975609756,
    "f": 0.0975609756097561,
    "0": 0.07317073170731707,
    "7": 0.04878048780487805,
    "d": 0.036585365853658534,
    "b": 0.036585365853658534,
    "a": 0.012195121951219513,
    "5": 0.06097560975609756,
    "2": 0.024390243902439025
  },
  "prefix_probability": {
    "1": 0.25609756097560976,
    "b": 0.036585365853658534,
    "7": 0.07317073170731707,
    "3": 0.12195121951219512,
    "2": 0.13414634146341464,
    "f": 0.024390243902439025,
    "6": 0.07317073170731707,
    "a": 0.036585365853658534,
    "5": 0.036585365853658534,
    "e": 0.06097560975609756,
    "4": 0.06097560975609756,
    "9": 0.024390243902439025,
    "d": 0.036585365853658534,
    "c": 0.012195121951219513,
    "8": 0.012195121951219513,
    "0": 0.001
  },
  "notes": "Metadados de auditoria gerados estritamente com base no dataset real e verificado de 82 puzzles do Bitcoin Puzzle (Puzzles 1-70, 75-130)."
}